1,2,3
-65.15,-63.97,-61.69
1.18,3.46,14.63
2.28,13.45,6.85
11.17,4.57,-10.0
-6.6,-21.17,-45.81
-14.57,-39.21,-46.12
-24.64,-31.55,-35.9
-6.91,-11.26,-11.39
-4.35,-4.48,-3.36
-0.13,0.99,11.87
1.12,12.0,35.61
10.88,34.49,45.99
23.61,35.11,38.31
11.5,14.7,12.11
3.2,0.61,-15.49
-2.59,-18.69,-18.56
-16.1,-15.97,-34.89
0.13,-18.79,0.41
-18.92,0.28,28.27
19.2,47.19,39.45
27.99,20.25,26.26
-7.74,-1.73,0.84
6.01,8.58,-2.88
2.57,-8.89,-31.81
-11.46,-34.38,-55.29
-22.92,-43.83,-44.11
-20.91,-21.19,-4.84
-0.28,16.07,17.23
16.35,17.51,15.74
1.16,-0.61,0.12
-1.77,-1.04,-12.19
0.73,-10.42,-28.35
-11.15,-29.08,-22.07
-17.93,-10.92,-21.42
7.01,-3.49,-6.14
-10.5,-13.15,-13.91
-2.65,-3.41,2.22
-0.76,4.87,-19.82
5.63,-19.06,-44.83
-24.69,-50.46,-45.95
-25.77,-21.26,-31.27
4.51,-5.5,-36.69
-10.01,-41.2,-63.76
-31.19,-53.75,-61.68
-22.56,-30.49,-30.6
-7.93,-8.04,12.01
-0.11,19.94,32.01
20.05,32.12,38.33
12.07,18.28,18.72
6.21,6.65,22.94
0.44,16.73,9.18
16.29,8.74,3.76
-7.55,-12.53,-20.02
-4.98,-12.47,0.54
-7.49,5.52,7.68
13.01,15.17,10.03
2.16,-2.98,-0.74
-5.14,-2.9,4.58
2.24,9.72,34.9
7.48,32.66,53.38
25.18,45.9,51.23
20.72,26.05,14.78
5.33,-5.94,0.25
-11.27,-5.08,-8.05
6.19,3.22,12.89
-2.97,6.7,7.99
9.67,10.96,14.73
1.29,5.06,9.67
3.77,8.38,5.13
4.61,1.36,-14.64
-3.25,-19.25,-36.83
-16.0,-33.58,-17.36
-17.58,-1.36,9.96
16.22,27.54,44.18
11.32,27.96,45.76
16.64,34.44,53.77
17.8,37.13,31.22
19.33,13.42,4.06
-5.91,-15.27,-10.46
-9.36,-4.55,12.35
4.81,21.71,14.87
16.9,10.06,-23.12
-6.84,-40.02,-50.78
-33.18,-43.94,-45.16
-10.76,-11.98,-16.24
-1.22,-5.48,-8.93
-4.26,-7.71,-5.3
-3.45,-1.04,-4.8
2.41,-1.35,10.23
-3.76,7.82,2.66
11.58,6.42,-0.39
-5.16,-11.97,-14.96
-6.81,-9.8,-15.65
-2.99,-8.84,-19.72
-5.85,-16.73,-42.83
-10.88,-36.98,-40.6
-26.1,-29.72,-30.27
-3.62,-4.17,-9.62
-0.55,-6.0,2.09
-5.45,2.64,5.16
8.09,10.61,7.92
2.52,-0.17,11.05
-2.69,8.53,7.45
11.22,10.14,14.45
-1.08,3.23,13.44
4.31,14.52,10.95
10.21,6.64,-2.44
-3.57,-12.65,-13.06
-9.08,-9.49,-4.38
-0.41,4.7,-13.59
5.11,-13.18,-7.36
-18.29,-12.47,6.28
5.82,24.57,21.91
18.75,16.09,0.5
-2.66,-18.25,-10.26
-15.59,-7.6,1.93
7.99,17.52,-0.3
9.53,-8.29,-1.76
-17.82,-11.29,-18.68
6.53,-0.86,-3.85
-7.39,-10.38,-14.14
-2.99,-6.75,-17.13
-3.76,-14.14,-9.11
-10.38,-5.35,4.67
5.03,15.05,18.48
10.02,13.45,24.82
3.43,14.8,13.78
11.37,10.35,12.42
-1.02,1.05,-15.94
2.07,-14.92,-23.79
-16.99,-25.86,-20.11
-8.87,-3.12,-2.05
5.75,6.82,2.67
1.07,-3.08,-13.26
-4.15,-14.33,-9.78
-10.18,-5.63,22.07
4.55,32.25,28.89
27.7,24.34,19.62
-3.36,-8.08,-26.56
-4.72,-23.2,-24.32
-18.48,-19.6,-28.57
-1.12,-10.09,-7.97
-8.97,-6.85,-12.29
2.12,-3.32,-17.05
-5.44,-19.17,-9.75
-13.73,-4.31,-12.86
9.42,0.87,-2.4
-8.55,-11.82,-20.09
-3.27,-11.54,-32.14
-8.27,-28.87,-40.35
-20.6,-32.08,-68.2
-11.48,-47.6,-89.57
-36.12,-78.09,-79.34
-41.97,-43.22,-39.88
-1.25,2.09,48.0
3.34,49.25,68.42
45.91,65.08,93.72
19.17,47.81,12.0
28.64,-7.17,0.93
-35.81,-27.71,-7.64
8.1,28.17,25.19
20.07,17.09,22.73
-2.98,2.66,5.68
5.64,8.66,-2.13
3.02,-7.77,13.78
-10.79,10.76,4.95
21.55,15.74,16.48
-5.81,-5.07,-1.79
0.74,4.02,15.7
3.28,14.96,13.82
11.68,10.54,-5.02
-1.14,-16.7,-31.3
-15.56,-30.16,-48.69
-14.6,-33.13,-39.81
-18.53,-25.21,-14.6
-6.68,3.93,-0.18
10.61,6.5,-5.65
-4.11,-16.26,-17.11
-12.15,-13.0,3.55
-0.85,15.7,7.07
16.55,7.92,15.81
-8.63,-0.74,18.93
7.89,27.56,44.79
19.67,36.9,56.25
17.23,36.58,42.8
19.35,25.57,25.2
6.22,5.85,-0.05
-0.37,-6.27,-21.87
-5.9,-21.5,-29.16
-15.6,-23.26,-22.69
-7.66,-7.09,-12.08
0.57,-4.42,-5.05
-4.99,-5.62,-6.48
-0.63,-1.49,2.01
-0.86,2.64,3.15
3.5,4.01,3.38
0.51,-0.12,-10.14
-0.63,-10.65,-20.19
-10.02,-19.56,-29.01
-9.54,-18.99,-20.34
-9.45,-10.8,-11.0
-1.35,-1.55,-1.09
-0.2,0.26,7.55
0.46,7.75,4.94
7.29,4.48,-0.9
-2.81,-8.19,-12.24
-5.38,-9.43,-18.25
-4.05,-12.87,-35.02
-8.82,-30.97,-61.31
-22.15,-52.49,-92.57
-30.34,-70.42,-56.9
-40.08,-26.56,-31.68
13.52,8.4,27.12
-5.12,13.6,14.71
18.72,19.83,4.15
1.11,-14.57,-30.64
-15.68,-31.75,-36.22
-16.07,-20.54,-31.65
-4.47,-15.58,5.83
-11.11,10.3,5.39
21.41,16.5,-1.48
-4.91,-22.89,-33.15
-17.98,-28.24,-38.52
-10.26,-20.54,-40.22
-10.28,-29.96,-19.19
-19.68,-8.91,9.13
10.77,28.81,23.63
18.04,12.86,12.24
-5.18,-5.8,21.18
-0.62,26.36,54.9
26.98,55.52,66.59
28.54,39.61,38.75
11.07,10.21,1.49
-0.86,-9.58,-12.12
-8.72,-11.26,21.03
-2.54,29.75,23.5
32.29,26.04,23.49
-6.25,-8.8,-12.77
-2.55,-6.52,-1.06
-3.97,1.49,-22.51
5.46,-18.54,-5.85
-24.0,-11.31,-24.39
12.69,-0.39,-23.98
-13.08,-36.67,-44.08
-23.59,-31.0,-50.04
-7.41,-26.45,-9.05
-19.04,-1.64,30.33
17.4,49.37,23.98
31.97,6.58,-17.99
-25.39,-49.96,-28.35
-24.57,-2.96,6.07
21.61,30.64,46.1
9.03,24.49,51.32
15.46,42.29,29.99
26.83,14.53,21.57
-12.3,-5.26,1.84
7.04,14.14,26.06
7.1,19.02,28.73
11.92,21.63,27.26
9.71,15.34,0.39
5.63,-9.32,5.57
-14.95,-0.06,8.01
14.89,22.96,29.34
8.07,14.45,12.32
6.38,4.25,8.17
-2.13,1.79,5.31
3.92,7.44,5.53
3.52,1.61,12.13
-1.91,8.61,9.46
10.52,11.37,1.47
0.85,-9.05,24.31
-9.9,23.46,26.01
33.36,35.91,34.95
2.55,1.59,3.03
-0.96,0.48,-6.24
1.44,-5.28,-6.75
-6.72,-8.19,3.76
-1.47,10.48,17.03
11.95,18.5,15.99
6.55,4.04,15.41
-2.51,8.86,29.95
11.37,32.46,51.26
21.09,39.89,39.32
18.8,18.23,30.54
-0.57,11.74,-0.8
12.31,-0.23,1.41
-12.54,-10.9,-7.72
1.64,4.82,8.08
3.18,6.44,2.21
3.26,-0.97,-14.11
-4.23,-17.37,-18.31
-13.14,-14.08,-2.59
-0.94,10.55,24.47
11.49,25.41,32.52
13.92,21.03,25.16
7.11,11.24,-4.4
4.13,-11.51,-17.27
-15.64,-21.4,-1.28
-5.76,14.36,30.86
20.12,36.62,33.98
16.5,13.86,17.81
-2.64,1.31,-23.08
3.95,-20.44,-12.13
-24.39,-16.08,-21.47
8.31,2.92,13.38
-5.39,5.07,14.87
10.46,20.26,48.02
9.8,37.56,44.05
27.76,34.25,28.6
6.49,0.84,-8.93
-5.65,-15.42,-15.86
-9.77,-10.21,-2.13
-0.44,7.64,21.41
8.08,21.85,21.19
13.77,13.11,11.57
-0.66,-2.2,-17.36
-1.54,-16.7,-10.75
-15.16,-9.21,-12.43
5.95,2.73,2.77
-3.22,-3.18,-22.78
0.04,-19.56,-19.48
-19.6,-19.52,-41.84
0.08,-22.24,-30.59
-22.32,-30.67,-51.36
-8.35,-29.04,-27.15
-20.69,-18.8,16.77
1.89,37.46,45.21
35.57,43.32,58.36
7.75,22.79,21.76
15.04,14.01,21.22
-1.03,6.18,-7.51
7.21,-6.48,-22.62
-13.69,-29.83,-34.36
-16.14,-20.67,-21.44
-4.53,-5.3,-2.38
-0.77,2.15,-3.77
2.92,-3.0,-15.79
-5.92,-18.71,-23.23
-12.79,-17.31,-17.08
-4.52,-4.29,-14.14
0.23,-9.62,-0.95
-9.85,-1.18,0.64
8.67,10.49,15.32
1.82,6.65,14.68
4.83,12.86,30.46
8.03,25.63,25.65
17.6,17.62,4.62
0.02,-12.98,-18.23
-13.0,-18.25,-30.15
-5.25,-17.15,-16.65
-11.9,-11.4,-7.46
0.5,4.44,5.08
3.94,4.58,12.37
0.64,8.43,15.88
7.79,15.24,17.84
7.45,10.05,13.38
2.6,5.93,-5.94
3.33,-8.54,-23.86
-11.87,-27.19,-26.3
-15.32,-14.43,-6.19
0.89,9.13,10.79
8.24,9.9,9.7
1.66,1.46,-8.06
-0.2,-9.72,-3.18
-9.52,-2.98,-11.22
6.54,-1.7,-5.82
-8.24,-12.36,-3.24
-4.12,5.0,18.54
9.12,22.66,28.15
13.54,19.03,26.09
5.49,12.55,19.3
7.06,13.81,13.21
6.75,6.15,4.95
-0.6,-1.8,-10.99
-1.2,-10.39,-6.15
-9.19,-4.95,-14.39
4.24,-5.2,-12.92
-9.44,-17.16,-11.2
-7.72,-1.76,-5.97
5.96,1.75,-7.47
-4.21,-13.43,-15.63
-9.22,-11.42,-14.09
-2.2,-4.87,-3.6
-2.67,-1.4,1.57
1.27,4.24,6.13
2.97,4.86,9.72
1.89,6.75,16.34
4.86,14.45,12.85
9.59,7.99,13.55
-1.6,3.96,-0.27
5.56,1.33,20.36
-4.23,14.8,21.0
19.03,25.23,24.35
6.2,5.32,7.1
-0.88,0.9,0.32
1.78,1.2,10.61
-0.58,8.83,19.86
9.41,20.44,21.61
11.03,12.2,14.8
1.17,3.77,2.34
2.6,1.17,3.03
-1.43,0.43,6.76
1.86,8.19,7.42
6.33,5.56,20.53
-0.77,14.2,17.74
14.97,18.51,23.42
3.54,8.45,23.19
4.91,19.65,18.24
14.74,13.33,-4.93
-1.41,-19.67,-30.84
-18.26,-29.43,-48.98
-11.17,-30.72,-24.68
-19.55,-13.51,-13.29
6.04,6.26,-12.55
0.22,-18.59,-18.55
-18.81,-18.77,-32.08
0.04,-13.27,-13.34
-13.31,-13.38,3.36
-0.07,16.67,10.24
16.74,10.31,5.38
-6.43,-11.36,-24.18
-4.93,-17.75,3.38
-12.82,8.31,-1.67
21.13,11.15,4.98
-9.98,-16.15,-24.41
-6.17,-14.43,-9.9
-8.26,-3.73,2.5
4.53,10.76,12.87
6.23,8.34,13.1
2.11,6.87,9.0
4.76,6.89,14.63
2.13,9.87,6.41
7.74,4.28,4.07
-3.46,-3.67,-12.0
-0.21,-8.54,1.11
-8.33,1.32,9.62
9.65,17.95,15.08
8.3,5.43,7.25
-2.87,-1.05,-4.82
1.82,-1.95,-4.17
-3.77,-5.99,-5.48
-2.22,-1.71,0.5
0.51,2.72,3.98
2.21,3.47,8.04
1.26,5.83,11.05
4.57,9.79,7.49
5.22,2.92,-9.52
-2.3,-14.74,-25.09
-12.44,-22.79,-13.54
-10.35,-1.1,-1.33
9.25,9.02,-26.15
-0.23,-35.4,-55.88
-35.17,-55.65,-57.61
-20.48,-22.44,-19.42
-1.96,1.06,6.78
3.02,8.74,10.37
5.72,7.35,12.78
1.63,7.06,1.4
5.43,-0.23,1.43
-5.66,-4.0,-3.93
1.66,1.73,-11.54
0.07,-13.2,-18.9
-13.27,-18.97,-37.83
-5.7,-24.56,-9.6
-18.86,-3.9,7.36
14.96,26.22,35.45
11.26,20.49,28.67
9.23,17.41,19.49
8.18,10.26,7.82
2.08,-0.36,10.06
-2.44,7.98,6.37
10.42,8.81,21.08
-1.61,10.66,0.98
12.27,2.59,16.7
-9.68,4.43,6.12
14.11,15.8,14.3
1.69,0.19,5.98
-1.5,4.29,0.67
5.79,2.17,-0.02
-3.62,-5.81,-15.56
-2.19,-11.94,-0.94
-9.75,1.25,-1.0
11.0,8.75,23.34
-2.25,12.34,10.37
14.59,12.62,6.83
-1.97,-7.76,1.17
-5.79,3.14,21.36
8.93,27.15,31.99
18.22,23.06,19.26
4.84,1.04,-0.54
-3.8,-5.38,-2.74
-1.58,1.06,-4.44
2.64,-2.86,-2.88
-5.5,-5.52,-14.09
-0.02,-8.59,-8.16
-8.57,-8.14,-9.08
0.43,-0.51,-1.45
-0.94,-1.88,-7.13
-0.94,-6.19,-5.11
-5.25,-4.17,7.31
1.08,12.56,10.89
11.48,9.81,15.95
-1.67,4.47,5.68
6.14,7.35,-0.34
1.21,-6.48,-13.91
-7.69,-15.12,-14.76
-7.43,-7.07,1.89
0.36,9.32,12.32
8.96,11.96,10.09
3.0,1.13,-6.14
-1.87,-9.14,-19.52
-7.27,-17.65,-21.95
-10.38,-14.68,-13.25
-4.3,-2.87,1.09
1.43,5.39,-25.0
3.96,-26.43,-12.52
-30.39,-16.48,-6.9
13.91,23.49,20.86
9.58,6.95,6.11
-2.63,-3.47,-7.94
-0.84,-5.31,-10.63
-4.47,-9.79,0.66
-5.32,5.13,-2.95
10.45,2.37,3.25
-8.08,-7.2,-15.34
0.88,-7.26,-4.94
-8.14,-5.82,-7.64
2.32,0.5,3.27
-1.82,0.95,5.39
2.77,7.21,6.0
4.44,3.23,-5.04
-1.21,-9.48,-3.67
-8.27,-2.46,2.86
5.81,11.13,17.88
5.32,12.07,-12.37
6.75,-17.69,-5.71
-24.44,-12.46,-0.21
11.98,24.23,19.31
12.25,7.33,14.01
-4.92,1.76,8.95
6.68,13.87,21.9
7.19,15.22,11.56
8.03,4.37,4.85
-3.66,-3.18,4.42
0.48,8.08,9.08
7.6,8.6,13.87
1.0,6.27,2.0
5.27,1.0,3.78
-4.27,-1.49,-1.76
2.78,2.51,5.85
-0.27,3.07,1.66
3.34,1.93,0.86
-1.41,-2.48,4.44
-1.07,5.85,4.38
6.92,5.45,9.3
-1.47,2.38,-3.92
3.85,-2.45,-2.68
-6.3,-6.53,-14.84
-0.23,-8.54,-8.64
-8.31,-8.41,-9.42
-0.1,-1.11,3.05
-1.01,3.15,9.08
4.16,10.09,12.33
5.93,8.17,-4.04
2.24,-9.97,-0.88
-12.21,-3.12,-1.49
9.09,10.72,7.68
1.63,-1.41,5.09
-3.04,3.46,11.75
6.5,14.79,33.06
8.29,26.56,30.5
18.27,22.21,29.92
3.94,11.65,18.65
7.71,14.71,36.43
7.0,28.72,43.25
21.72,36.25,27.53
14.53,5.81,-5.72
-8.72,-20.25,-28.68
-11.53,-19.96,-13.18
-8.43,-1.65,-1.03
6.78,7.4,14.73
0.62,7.95,10.0
7.33,9.38,7.58
2.05,0.25,4.79
-1.8,2.74,-2.1
4.54,-0.3,-4.91
-4.84,-9.45,-6.1
-4.61,-1.26,-2.28
3.35,2.33,5.58
-1.02,2.23,13.7
3.25,14.72,9.56
11.47,6.31,5.2
-5.16,-6.27,-6.08
-1.11,-0.92,-4.46
0.19,-3.35,0.17
-3.54,-0.02,6.28
3.52,9.82,9.48
6.3,5.96,14.34
-0.34,8.04,-5.91
8.38,-5.57,-19.69
-13.95,-28.07,-29.2
-14.12,-15.25,-15.7
-1.13,-1.58,1.02
-0.45,2.15,13.65
2.6,14.1,23.59
11.5,20.99,25.18
9.49,13.68,25.93
4.19,16.44,21.81
12.25,17.62,18.42
5.37,6.17,-4.83
0.8,-10.2,-13.15
-11.0,-13.95,-6.62
-2.95,4.38,19.69
7.33,22.64,24.72
15.31,17.39,13.1
2.08,-2.21,-2.47
-4.29,-4.55,-12.14
-0.26,-7.85,-19.17
-7.59,-18.91,-16.2
-11.32,-8.61,-4.11
2.71,7.21,7.47
4.5,4.76,2.29
0.26,-2.21,3.91
-2.47,3.65,10.69
6.12,13.16,7.74
7.04,1.62,-1.66
-5.42,-8.7,-5.74
-3.28,-0.32,-3.42
2.96,-0.14,-1.62
-3.1,-4.58,-11.26
-1.48,-8.16,-7.63
-6.68,-6.15,-12.93
0.53,-6.25,-6.72
-6.78,-7.25,-7.88
-0.47,-1.1,-10.63
-0.63,-10.16,5.23
-9.53,5.86,8.25
15.39,17.78,24.3
2.39,8.91,14.47
6.52,12.08,10.55
5.56,4.03,0.2
-1.53,-5.36,-7.6
-3.83,-6.07,-5.57
-2.24,-1.74,0.48
0.5,2.72,-4.01
2.22,-4.51,6.6
-6.73,4.38,16.28
11.11,23.01,30.22
11.9,19.11,22.96
7.21,11.06,13.25
3.85,6.04,2.07
2.19,-1.78,-5.65
-3.97,-7.84,-2.33
-3.87,1.64,-9.67
5.51,-5.8,-7.62
-11.31,-13.13,-13.61
-1.82,-2.3,-0.82
-0.48,1.0,4.91
1.48,5.39,4.0
3.91,2.52,-6.47
-1.39,-10.38,-12.97
-8.99,-11.58,-9.33
-2.59,-0.34,-3.69
2.25,-1.1,-2.69
-3.35,-4.94,1.11
-1.59,4.46,3.82
6.05,5.41,6.31
-0.64,0.26,0.28
0.9,0.92,1.3
0.02,0.4,-3.4
0.38,-3.42,-0.83
-3.8,-1.21,3.55
2.59,7.35,-0.07
4.76,-2.66,-0.65
-7.42,-5.41,-7.77
2.01,-0.35,0.64
-2.36,-1.37,0.29
0.99,2.65,-2.71
1.66,-3.7,-5.93
-5.36,-7.59,-17.2
-2.23,-11.84,-16.0
-9.61,-13.77,-18.4
-4.16,-8.79,-8.8
-4.63,-4.64,4.72
-0.01,9.35,10.81
9.36,10.82,-15.28
1.46,-24.64,-32.55
-26.1,-34.01,-46.59
-7.91,-20.49,-5.26
-12.58,2.65,-11.28
15.23,1.3,-6.0
-13.93,-21.23,-4.69
-7.3,9.24,8.9
16.54,16.2,21.8
-0.34,5.26,-0.76
5.6,-0.42,-9.6
-6.02,-15.2,-9.74
-9.18,-3.72,2.23
5.46,11.41,18.37
5.95,12.91,15.64
6.96,9.69,11.89
2.73,4.93,7.94
2.2,5.21,4.64
3.01,2.44,1.18
-0.57,-1.83,-5.14
-1.26,-4.57,-4.01
-3.31,-2.75,-0.14
0.56,3.17,-1.12
2.61,-1.68,2.94
-4.29,0.33,-3.41
4.62,0.88,2.24
-3.74,-2.38,-3.64
1.36,0.1,3.24
-1.26,1.88,22.65
3.14,23.91,23.89
20.77,20.75,23.4
-0.02,2.63,5.27
2.65,5.29,-5.08
2.64,-7.73,1.84
-10.37,-0.8,0.55
9.57,10.92,16.47
1.35,6.9,13.73
5.55,12.38,17.99
6.83,12.44,12.01
5.61,5.18,16.68
-0.43,11.07,19.72
11.5,20.15,23.18
8.65,11.68,10.84
3.03,2.19,18.03
-0.84,15.0,28.89
15.84,29.73,31.47
13.89,15.63,6.02
1.74,-7.87,-22.24
-9.61,-23.98,-25.9
-14.37,-16.29,-23.94
-1.92,-9.57,15.77
-7.65,17.69,22.13
25.34,29.78,34.31
4.44,8.97,11.94
4.53,7.5,14.32
2.97,9.79,22.27
6.82,19.3,38.56
12.48,31.74,31.11
19.26,18.63,22.48
-0.63,3.22,8.8
3.85,9.43,-5.99
5.58,-9.84,-34.64
-15.42,-40.22,-17.43
-24.8,-2.01,-15.24
22.79,9.56,-35.11
-13.23,-57.9,-54.14
-44.67,-40.91,-40.87
3.76,3.8,-18.3
0.04,-22.06,-25.84
-22.1,-25.88,-17.39
-3.78,4.71,0.21
8.49,3.99,17.79
-4.5,9.3,4.88
13.8,9.38,15.73
-4.42,1.93,-3.08
6.35,1.34,3.03
-5.01,-3.32,4.53
1.69,9.54,16.5
7.85,14.81,15.21
6.96,7.36,-0.34
0.4,-7.3,-15.67
-7.7,-16.07,-54.27
-8.37,-46.57,-58.62
-38.2,-50.25,-60.15
-12.05,-21.95,-8.5
-9.9,3.55,9.25
13.45,19.15,17.38
5.7,3.93,4.48
-1.77,-1.22,6.57
0.55,8.34,5.12
7.79,4.57,-6.71
-3.22,-14.5,-18.32
-11.28,-15.1,-11.66
-3.82,-0.38,8.15
3.44,11.97,13.11
8.53,9.67,18.81
1.14,10.28,-7.31
9.14,-8.45,-17.83
-17.59,-26.97,-16.99
-9.38,0.6,-18.44
9.98,-9.06,-3.54
-19.04,-13.52,1.84
5.52,20.88,42.84
15.36,37.32,42.07
21.96,26.71,43.96
4.75,22.0,27.92
17.25,23.17,34.13
5.92,16.88,33.17
10.96,27.25,39.32
16.29,28.36,24.15
12.07,7.86,-9.57
-4.21,-21.64,-30.08
-17.43,-25.87,-3.71
-8.44,13.72,23.72
22.16,32.16,42.45
10.0,20.29,9.29
10.29,-0.71,14.49
-11.0,4.2,-9.9
15.2,1.1,-3.4
-14.1,-18.6,-23.31
-4.5,-9.21,3.9
-4.71,8.4,7.51
13.11,12.22,12.33
-0.89,-0.78,-13.42
0.11,-12.53,-18.52
-12.64,-18.63,-21.41
-5.99,-8.77,-6.58
-2.78,-0.59,11.42
2.19,14.2,8.38
12.01,6.19,3.63
-5.82,-8.38,13.01
-2.56,18.83,-5.27
21.39,-2.71,-24.54
-24.1,-45.93,-50.95
-21.83,-26.85,-30.66
-5.02,-8.83,-0.7
-3.81,4.32,2.65
8.13,6.46,11.61
-1.67,3.48,1.52
5.15,3.19,1.27
-1.96,-3.88,10.87
-1.92,12.83,19.67
14.75,21.59,22.27
6.84,7.52,25.28
0.68,18.44,13.64
17.76,12.96,7.88
-4.8,-9.88,-14.94
-5.08,-10.14,-11.71
-5.06,-6.63,-4.03
-1.57,1.03,3.65
2.6,5.22,2.98
2.62,0.38,-9.33
-2.24,-11.95,2.36
-9.71,4.6,-13.44
14.31,-3.73,-8.97
-18.04,-23.28,-21.15
-5.24,-3.11,-14.71
2.13,-9.47,-9.6
-11.6,-11.73,9.41
-0.13,21.01,27.56
21.14,27.69,32.95
6.55,11.81,33.21
5.26,26.66,10.92
21.4,5.66,15.29
-15.74,-6.11,-10.06
9.63,5.68,-3.68
-3.95,-13.31,-15.51
-9.36,-11.56,-5.79
-2.2,3.57,-3.44
5.77,-1.24,-9.87
-7.01,-15.64,-14.41
-8.63,-7.4,-2.82
1.23,5.81,4.45
4.58,3.22,5.4
-1.36,0.82,-3.99
2.18,-2.63,-0.78
-4.81,-2.96,-7.12
1.85,-2.31,-19.94
-4.16,-21.79,-11.83
-17.63,-7.67,-8.9
9.96,8.73,20.73
-1.23,10.77,-10.76
12.0,-9.53,4.28
-21.53,-7.72,-18.96
13.81,2.57,5.36
-11.24,-8.45,-12.32
2.79,-1.08,12.56
-3.87,9.77,0.15
13.64,4.02,-3.13
-9.62,-16.77,-21.7
-7.15,-12.08,-8.39
-4.93,-1.24,-4.35
3.69,0.58,5.26
-3.11,1.57,4.86
4.68,7.97,12.59
3.29,7.91,10.8
4.62,7.51,5.98
2.89,1.36,5.5
-1.53,2.61,8.23
4.14,9.76,13.71
5.62,9.57,4.98
3.95,-0.64,-3.71
-4.59,-7.66,-5.5
-3.07,-0.91,-7.52
2.16,-4.45,-10.27
-6.61,-12.43,-33.83
-5.82,-27.22,-51.0
-21.4,-45.18,-54.44
-23.78,-33.04,-37.13
-9.26,-13.35,-4.59
-4.09,4.67,34.48
8.76,38.57,29.5
29.81,20.74,17.64
-9.07,-12.17,-14.98
-3.1,-5.91,8.34
-2.81,11.44,7.42
14.25,10.23,-9.54
-4.02,-23.79,-26.66
-19.77,-22.64,-13.3
-2.87,6.47,2.74
9.34,5.61,4.08
-3.73,-5.26,5.81
-1.53,9.54,17.47
11.07,19.0,25.9
7.93,14.83,13.8
6.9,5.87,18.79
-1.03,11.89,4.39
12.92,5.42,-16.95
-7.5,-29.87,-39.7
-22.37,-32.2,-19.81
-9.83,2.56,-15.24
12.39,-5.41,-25.19
-17.8,-37.58,-34.84
-19.78,-17.04,-0.74
2.74,19.04,16.36
16.3,13.62,-1.45
-2.68,-17.75,-26.63
-15.07,-23.95,-35.95
-8.88,-20.88,-27.36
-12.0,-18.48,-40.39
-6.48,-28.39,-44.89
-21.91,-38.41,-36.73
-16.5,-14.82,-19.53
1.68,-3.03,-0.57
-4.71,-2.25,-4.99
2.46,-0.28,-9.44
-2.74,-11.9,-3.95
-9.16,-1.21,9.51
7.95,18.67,40.18
10.72,32.23,33.99
21.51,23.27,18.22
1.76,-3.29,-35.83
-5.05,-37.59,-23.45
-32.54,-18.4,7.05
14.14,39.59,49.53
25.45,35.39,21.58
9.94,-3.87,-37.72
-13.81,-47.66,-46.71
-33.85,-32.9,-34.79
0.95,-0.94,-18.33
-1.89,-19.28,3.59
-17.39,5.48,-5.03
22.87,12.36,14.22
-10.51,-8.65,-6.98
1.86,3.53,-4.03
1.67,-5.89,20.48
-7.56,18.81,12.91
26.37,20.47,29.17
-5.9,2.8,-15.61
8.7,-9.71,-17.26
-18.41,-25.96,-31.38
-7.55,-12.97,-16.65
-5.42,-9.1,-8.16
-3.68,-2.74,-11.68
0.94,-8.0,-14.04
-8.94,-14.98,-38.65
-6.04,-29.71,-29.21
-23.67,-23.17,-26.96
0.5,-3.29,-37.27
-3.79,-37.77,-34.28
-33.98,-30.49,-30.75
3.49,3.23,30.78
-0.26,27.29,23.13
27.55,23.39,24.33
-4.16,-3.22,3.65
0.94,7.81,23.54
6.87,22.6,30.82
15.73,23.95,35.44
8.22,19.71,29.08
11.49,20.86,27.32
9.37,15.83,20.14
6.46,10.77,15.59
4.31,9.13,9.02
4.82,4.71,2.96
-0.11,-1.86,-1.78
-1.75,-1.67,-0.14
0.08,1.61,7.6
1.53,7.52,12.52
5.99,10.99,13.57
5.0,7.58,17.82
2.58,12.82,21.53
10.24,18.95,23.66
8.71,13.42,20.69
4.71,11.98,24.18
7.27,19.47,16.83
12.2,9.56,24.58
-2.64,12.38,25.29
15.02,27.93,46.38
12.91,31.36,26.87
18.45,13.96,-2.83
-4.49,-21.28,-24.62
-16.79,-20.13,-20.48
-3.34,-3.69,1.62
-0.35,4.96,3.8
5.31,4.15,8.37
-1.16,3.06,15.11
4.22,16.27,10.12
12.05,5.9,0.97
-6.15,-11.08,-10.2
-4.93,-4.05,-4.2
0.88,0.73,13.98
-0.15,13.1,31.24
13.25,31.39,41.46
18.14,28.21,24.9
10.07,6.76,-1.61
-3.31,-11.68,-4.6
-8.37,-1.29,0.36
7.08,8.73,9.94
1.65,2.86,16.71
1.21,15.06,0.84
13.85,-0.37,-15.2
-14.22,-29.05,-6.27
-14.83,7.95,15.51
22.78,30.34,57.39
7.56,34.61,49.32
27.05,41.76,46.37
14.71,19.32,45.97
4.61,31.26,38.6
26.65,33.99,48.5
7.34,21.85,24.93
14.51,17.59,-16.52
3.08,-31.03,-21.19
-34.11,-24.27,-58.62
9.84,-24.51,-27.28
-34.35,-37.12,-19.29
-2.77,15.06,9.22
17.83,11.99,9.6
-5.84,-8.23,2.9
-2.39,8.74,8.25
11.13,10.64,20.32
-0.49,9.19,25.71
9.68,26.2,31.25
16.52,21.57,25.38
5.05,8.86,-4.75
3.81,-9.8,-16.43
-13.61,-20.24,-52.46
-6.63,-38.85,-30.17
-32.22,-23.54,-30.66
8.68,1.56,18.43
-7.12,9.75,13.59
16.87,20.71,25.86
3.84,8.99,8.63
5.15,4.79,2.73
-0.36,-2.42,-9.79
-2.06,-9.43,-26.17
-7.37,-24.11,-35.73
-16.74,-28.36,-35.0
-11.62,-18.26,-24.48
-6.64,-12.86,-26.76
-6.22,-20.12,-16.07
-13.9,-9.85,-6.59
4.05,7.31,15.12
3.26,11.07,-23.5
7.81,-26.76,-33.46
-34.57,-41.27,-48.83
-6.7,-14.26,-12.75
-7.56,-6.05,-9.06
1.51,-1.5,-18.81
-3.01,-20.32,-9.65
-17.31,-6.64,-10.62
10.67,6.69,-10.59
-3.98,-21.26,-4.0
-17.28,-0.02,-9.42
17.26,7.86,-8.77
-9.4,-26.03,-7.69
-16.63,1.71,7.05
18.34,23.68,23.62
5.34,5.28,15.63
-0.06,10.29,-3.64
10.35,-3.58,2.99
-13.93,-7.36,12.47
6.57,26.4,15.74
19.83,9.17,29.98
-10.66,10.15,3.34
20.81,14.0,22.53
-6.81,1.72,6.39
8.53,13.2,5.13
4.67,-3.4,16.12
-8.07,11.45,19.88
19.52,27.95,36.38
8.43,16.86,22.38
8.43,13.95,11.62
5.52,3.19,-4.95
-2.33,-10.47,-12.5
-8.14,-10.17,-8.88
-2.03,-0.74,-5.96
1.29,-3.93,16.03
-5.22,14.74,16.98
19.96,22.2,35.43
2.24,15.47,17.36
13.23,15.12,22.94
1.89,9.71,21.72
7.82,19.83,19.42
12.01,11.6,16.25
-0.41,4.24,4.1
4.65,4.51,19.12
-0.14,14.47,2.08
14.61,2.22,-18.05
-12.39,-32.66,-19.23
-20.27,-6.84,-12.79
13.43,7.48,15.19
-5.95,1.76,-7.68
7.71,-1.73,1.03
-9.44,-6.68,-21.59
2.76,-12.15,-7.45
-14.91,-10.21,-27.41
4.7,-12.5,-18.43
-17.2,-23.13,-47.68
-5.93,-30.48,-24.68
-24.55,-18.75,-59.13
5.8,-34.58,-24.75
-40.38,-30.55,2.06
9.83,42.44,34.8
32.61,24.97,18.37
-7.64,-14.24,9.15
-6.6,16.79,-22.0
23.39,-15.4,-7.01
-38.79,-30.4,-11.78
8.39,27.01,32.66
18.62,24.27,17.37
5.65,-1.25,-15.85
-6.9,-21.5,-43.17
-14.6,-36.27,-22.48
-21.67,-7.88,4.55
13.79,26.22,31.4
12.43,17.61,23.28
5.18,10.85,28.01
5.67,22.83,24.12
17.16,18.45,19.13
1.29,1.97,6.37
0.68,5.08,6.54
4.4,5.86,6.04
1.46,1.64,10.86
0.18,9.4,5.46
9.22,5.28,18.19
-3.94,8.97,10.91
12.91,14.85,7.79
1.94,-5.12,14.91
-7.06,12.97,10.28
20.03,17.34,16.76
-2.69,-3.27,-6.53
-0.58,-3.84,-3.72
-3.26,-3.14,-0.21
0.12,3.05,-3.01
2.93,-3.13,2.13
-6.06,-0.8,4.28
5.26,10.34,-6.1
5.08,-11.36,-18.39
-16.44,-23.47,-19.01
-7.03,-2.57,-10.16
4.46,-3.13,10.66
-7.59,6.2,10.63
13.79,18.22,22.11
4.43,8.32,1.27
3.89,-3.16,-3.74
-7.05,-7.63,-13.5
-0.58,-6.45,0.97
-5.87,1.55,-10.42
7.42,-4.55,-3.93
-11.97,-11.35,-12.23
0.62,-0.26,-0.28
-0.88,-0.9,18.05
-0.02,18.93,34.79
18.95,34.81,34.71
15.86,15.76,18.49
-0.1,2.63,15.13
2.73,15.23,8.68
12.5,5.95,17.23
-6.55,4.73,5.37
11.28,11.92,11.15
0.64,-0.13,12.6
-0.77,11.96,31.77
12.73,32.54,24.0
19.81,11.27,9.85
-8.54,-9.96,-29.46
-1.42,-20.92,-25.13
-19.5,-23.71,-31.47
-4.21,-11.97,-22.33
-7.76,-18.12,-4.77
-10.36,2.99,-1.52
13.35,8.84,-6.32
-4.51,-19.67,-26.76
-15.16,-22.25,-23.05
-7.09,-7.89,6.26
-0.8,13.35,0.32
14.15,1.12,-3.03
-13.03,-17.18,-26.51
-4.15,-13.48,2.73
-9.33,6.88,15.26
16.21,24.59,11.0
8.38,-5.21,-13.64
-13.59,-22.02,0.2
-8.43,13.79,16.41
22.22,24.84,21.77
2.62,-0.45,-6.77
-3.07,-9.39,-11.8
-6.32,-8.73,-6.35
-2.41,-0.03,13.21
2.38,15.62,27.86
13.24,25.48,26.68
12.24,13.44,6.45
1.2,-5.79,4.93
-6.99,3.73,14.72
10.72,21.71,17.85
10.99,7.13,29.31
-3.86,18.32,19.9
22.18,23.76,17.03
1.58,-5.15,-3.83
-6.73,-5.41,-4.2
1.32,2.53,-1.12
1.21,-2.44,15.28
-3.65,14.07,1.41
17.72,5.06,-1.81
-12.66,-19.53,-22.95
-6.87,-10.29,-8.9
-3.42,-2.03,-5.03
1.39,-1.61,-0.36
-3.0,-1.75,-6.15
1.25,-3.15,-4.13
-4.4,-5.38,2.86
-0.98,7.26,7.59
8.24,8.57,5.68
0.33,-2.56,-5.68
-2.89,-6.01,-8.19
-3.12,-5.3,-5.57
-2.18,-2.45,-26.39
-0.27,-24.21,-23.52
-23.94,-23.25,-14.1
0.69,9.84,14.18
9.15,13.49,-0.83
4.34,-9.98,-8.63
-14.32,-12.97,5.77
1.35,20.09,32.47
18.74,31.12,28.78
12.38,10.04,10.78
-2.34,-1.6,-13.13
0.74,-10.79,-8.74
-11.53,-9.48,4.84
2.05,16.37,19.9
14.32,17.85,19.18
3.53,4.86,5.85
1.33,2.32,2.29
0.99,0.96,11.89
-0.03,10.9,4.21
10.93,4.24,-33.91
-6.69,-44.84,-53.63
-38.15,-46.94,-57.12
-8.79,-18.97,-41.71
-10.18,-32.92,-65.97
-22.74,-55.79,-62.87
-33.05,-40.13,-53.26
-7.08,-20.21,-44.08
-13.13,-37.0,-5.08
-23.87,8.05,10.18
31.92,34.05,-9.77
2.13,-41.69,-199.93
-43.82,-202.06,-186.45
-158.24,-142.63,-207.38
15.61,-49.14,-170.29
-64.75,-185.9,-362.43
-121.15,-297.68,-294.96
-176.53,-173.81,-280.28
2.72,-103.75,-98.03
-106.47,-100.75,-80.91
5.72,25.56,29.5
19.84,23.78,146.43
3.94,126.59,247.45
122.65,243.51,224.01
120.86,101.36,83.0
-19.5,-37.86,-43.19
-18.36,-23.69,-84.51
-5.33,-66.15,-14.75
-60.82,-9.42,3.7
51.4,64.52,97.09
13.12,45.69,49.0
32.57,35.88,59.58
3.31,27.01,33.86
23.7,30.55,47.63
6.85,23.93,16.88
17.08,10.03,8.56
-7.05,-8.52,-18.98
-1.47,-11.93,-24.41
-10.46,-22.94,-71.25
-12.48,-60.79,-59.3
-48.31,-46.82,-27.82
1.49,20.49,-8.92
19.0,-10.41,-16.61
-29.41,-35.61,-6.44
-6.2,22.97,23.52
29.17,29.72,25.87
0.55,-3.3,-39.91
-3.85,-40.46,-46.61
-36.61,-42.76,-51.61
-6.15,-15.0,7.94
-8.85,14.09,10.98
22.94,19.83,13.66
-3.11,-9.28,-24.08
-6.17,-20.97,-54.99
-14.8,-48.82,-51.86
-34.02,-37.06,-35.54
-3.04,-1.52,27.69
1.52,30.73,15.42
29.21,13.9,18.54
-15.31,-10.67,-16.85
4.64,-1.54,-9.99
-6.18,-14.63,0.49
-8.45,6.67,22.31
15.12,30.76,27.89
15.64,12.77,23.06
-2.87,7.42,28.6
10.29,31.47,32.14
21.18,21.85,62.21
0.67,41.03,46.82
40.36,46.15,85.38
5.79,45.02,70.19
39.23,64.4,46.15
25.17,6.92,-25.08
-18.25,-50.25,-106.69
-32.0,-88.44,-66.86
-56.44,-34.86,-23.36
21.58,33.08,17.75
11.5,-3.83,-4.13
-15.33,-15.63,6.78
-0.3,22.11,3.98
22.41,4.28,-13.52
-18.13,-35.93,-36.38
-17.8,-18.25,-32.63
-0.45,-14.83,-13.68
-14.38,-13.23,-15.12
1.15,-0.74,8.32
-1.89,7.17,13.46
9.06,15.35,19.56
6.29,10.5,12.87
4.21,6.58,28.28
2.37,24.07,13.63
21.7,11.26,15.94
-10.44,-5.76,-8.38
4.68,2.06,1.43
-2.62,-3.25,-2.93
-0.63,-0.31,7.99
0.32,8.62,11.63
8.3,11.31,21.76
3.01,13.46,15.37
10.45,12.36,25.62
1.91,15.17,7.32
13.26,5.41,12.21
-7.85,-1.05,-10.79
6.8,-2.94,0.98
-9.74,-5.82,-16.07
3.92,-6.33,-36.65
-10.25,-40.57,-41.81
-30.32,-31.56,-36.25
-1.24,-5.93,3.67
-4.69,4.91,9.08
9.6,13.77,15.09
4.17,5.49,-3.6
1.32,-7.77,-0.4
-9.09,-1.72,6.47
7.37,15.56,18.87
8.19,11.5,26.68
3.31,18.49,11.75
15.18,8.44,20.84
-6.74,5.66,17.83
12.4,24.57,43.46
12.17,31.06,56.44
18.89,44.27,41.02
25.38,22.13,20.04
-3.25,-5.34,-4.35
-2.09,-1.1,-11.28
0.99,-9.19,30.54
-10.18,29.55,31.95
39.73,42.13,30.79
2.4,-8.94,-15.52
-11.34,-17.92,-15.18
-6.58,-3.84,-14.48
2.74,-7.9,-0.31
-10.64,-3.05,-23.31
7.59,-12.67,-19.89
-20.26,-27.48,-40.28
-7.22,-20.02,-25.96
-12.8,-18.74,-16.5
-5.94,-3.7,-7.12
2.24,-1.18,12.84
-3.42,10.6,1.6
14.02,5.02,-4.8
-9.0,-18.82,-27.17
-9.82,-18.17,-17.06
-8.35,-7.24,-16.38
1.11,-8.03,-2.72
-9.14,-3.83,-14.74
5.31,-5.6,0.57
-10.91,-4.74,-14.3
6.17,-3.39,-0.74
-9.56,-6.91,-3.88
2.65,5.68,6.57
3.03,3.92,9.48
0.89,6.45,18.38
5.56,17.49,21.08
11.93,15.52,-3.77
3.59,-15.7,-15.06
-19.29,-18.65,-24.0
0.64,-4.71,1.08
-5.35,0.44,3.58
5.79,8.93,21.38
3.14,15.59,6.12
12.45,2.98,2.95
-9.47,-9.5,-12.06
-0.03,-2.59,-0.83
-2.56,-0.8,-15.31
1.76,-12.75,-54.96
-14.51,-56.72,-45.82
-42.21,-31.31,-25.83
10.9,16.38,31.0
5.48,20.1,25.14
14.62,19.66,26.28
5.04,11.66,20.97
6.62,15.93,57.28
9.31,50.66,50.36
41.35,41.05,47.72
-0.3,6.37,-6.48
6.67,-6.18,-3.52
-12.85,-10.19,10.67
2.66,23.52,27.35
20.86,24.69,20.94
3.83,0.08,9.01
-3.75,5.18,13.38
8.93,17.13,39.8
8.2,30.87,23.91
22.67,15.71,15.1
-6.96,-7.57,-8.87
-0.61,-1.91,-5.65
-1.3,-5.04,22.08
-3.74,23.38,26.75
27.12,30.49,40.13
3.37,13.01,56.11
9.64,52.74,75.25
43.1,65.61,85.46
22.51,42.36,27.26
19.85,4.75,13.93
-15.1,-5.92,5.72
9.18,20.82,39.53
11.64,30.35,43.8
18.71,32.16,54.28
13.45,35.57,18.45
22.12,5.0,-44.09
-17.12,-66.21,-42.68
-49.09,-25.56,-9.85
23.53,39.24,44.83
15.71,21.3,30.14
5.59,14.43,34.1
8.84,28.51,15.68
19.67,6.84,-13.04
-12.83,-32.71,-18.99
-19.88,-6.16,-1.86
13.72,18.02,17.73
4.3,4.01,21.39
-0.29,17.09,25.7
17.38,25.99,20.29
8.61,2.91,14.0
-5.7,5.39,-9.15
11.09,-3.45,-1.53
-14.54,-12.62,-7.71
1.92,6.83,7.27
4.91,5.35,-8.27
0.44,-13.18,-40.43
-13.62,-40.87,-62.2
-27.25,-48.58,-43.98
-21.33,-16.73,-44.13
4.6,-22.8,-30.45
-27.4,-35.05,-54.13
-7.65,-26.73,-17.69
-19.08,-10.04,1.1
9.04,20.18,10.91
11.14,1.87,2.47
-9.27,-8.67,2.16
0.6,11.43,24.35
10.83,23.75,20.66
12.92,9.83,3.74
-3.09,-9.18,-15.59
-6.09,-12.5,-14.34
-6.41,-8.25,-4.81
-1.84,1.6,-4.62
3.44,-2.78,0.34
-6.22,-3.1,-15.71
3.12,-9.49,-10.6
-12.61,-13.72,-14.08
-1.11,-1.47,1.56
-0.36,2.67,18.18
3.03,18.54,-16.42
15.51,-19.45,4.24
-34.96,-11.27,-15.05
23.69,19.91,14.25
-3.78,-9.44,-12.26
-5.66,-8.48,-18.58
-2.82,-12.92,-5.32
-10.1,-2.5,-10.24
7.6,-0.14,4.61
-7.74,-2.99,2.75
4.75,10.49,13.37
5.74,8.62,11.95
2.88,6.21,9.51
3.33,6.63,-0.21
3.3,-3.54,-10.12
-6.84,-13.42,-31.39
-6.58,-24.55,-25.6
-17.97,-19.02,-23.74
-1.05,-5.77,-0.26
-4.72,0.79,-4.43
5.51,0.29,-5.36
-5.22,-10.87,-4.5
-5.65,0.72,7.21
6.37,12.86,2.35
6.49,-4.02,3.14
-10.51,-3.35,-2.97
7.16,7.54,19.08
0.38,11.92,1.96
11.54,1.58,-2.24
-9.96,-13.78,-18.13
-3.82,-8.17,-13.38
-4.35,-9.56,-1.15
-5.21,3.2,4.04
8.41,9.25,4.53
0.84,-3.88,-8.34
-4.72,-9.18,-10.41
-4.46,-5.69,-11.94
-1.23,-7.48,-16.55
-6.25,-15.32,-29.18
-9.07,-22.93,-18.57
-13.86,-9.5,-2.92
4.36,10.94,3.95
6.58,-0.41,-8.57
-6.99,-15.15,-42.5
-8.16,-35.51,-69.54
-27.35,-61.38,-60.33
-34.03,-32.98,-10.61
1.05,23.42,49.94
22.37,48.89,64.26
26.52,41.89,71.69
15.37,45.17,25.58
29.8,10.21,3.4
-19.59,-26.4,-49.44
-6.81,-29.85,-2.39
-23.04,4.42,-17.19
27.46,5.85,3.35
-21.61,-24.11,-35.13
-2.5,-13.52,-24.06
-11.02,-21.56,-37.96
-10.54,-26.94,-50.82
-16.4,-40.28,-53.3
-23.88,-36.9,-45.5
-13.02,-21.62,2.83
-8.6,15.85,10.12
24.45,18.72,41.0
-5.73,16.55,41.35
22.28,47.08,57.36
24.8,35.08,22.26
10.28,-2.54,10.66
-12.82,0.38,-2.95
13.2,9.87,14.77
-3.33,1.57,2.97
4.9,6.3,-3.04
1.4,-7.94,-9.43
-9.34,-10.83,-12.82
-1.49,-3.48,5.02
-1.99,6.51,-4.34
8.5,-2.35,-6.09
-10.85,-14.59,-10.33
-3.74,0.52,32.37
4.26,36.11,41.5
31.85,37.24,23.92
5.39,-7.93,-21.81
-13.32,-27.2,-35.37
-13.88,-22.05,-10.46
-8.17,3.42,32.38
11.59,40.55,23.22
28.96,11.63,26.01
-17.33,-2.95,-5.34
14.38,11.99,20.97
-2.39,6.59,12.01
8.98,14.4,9.72
5.42,0.74,-8.58
-4.68,-14.0,-25.23
-9.32,-20.55,-21.27
-11.23,-11.95,-46.32
-0.72,-35.09,-22.5
-34.37,-21.78,-20.62
12.59,13.75,16.12
1.16,3.53,5.6
2.37,4.44,-2.26
2.07,-4.63,-11.11
-6.7,-13.18,-10.45
-6.48,-3.75,-12.88
2.73,-6.4,-7.1
-9.13,-9.83,-10.33
-0.7,-1.2,4.11
-0.5,4.81,-8.68
5.31,-8.18,-8.94
-13.49,-14.25,-11.4
-0.76,2.09,8.96
2.85,9.72,20.1
6.87,17.25,29.09
10.38,22.22,32.48
11.84,22.1,55.0
10.26,43.16,67.4
32.9,57.14,60.88
24.24,27.98,25.22
3.74,0.98,8.55
-2.76,4.81,-1.38
7.57,1.38,2.88
-6.19,-4.69,-20.49
1.5,-14.3,-2.78
-15.8,-4.28,-7.22
11.52,8.58,5.97
-2.94,-5.55,-4.24
-2.61,-1.3,9.33
1.31,11.94,7.51
10.63,6.2,5.82
-4.43,-4.81,-10.92
-0.38,-6.49,-7.08
-6.11,-6.7,-4.31
-0.59,1.8,-0.46
2.39,0.13,-7.96
-2.26,-10.35,-12.56
-8.09,-10.3,1.62
-2.21,9.71,10.94
11.92,13.15,11.63
1.23,-0.29,-15.52
-1.52,-16.75,-21.91
-15.23,-20.39,-11.6
-5.16,3.63,5.6
8.79,10.76,7.92
1.97,-0.87,35.15
-2.84,33.18,38.31
36.02,41.15,51.03
5.13,15.01,16.55
9.88,11.42,19.72
1.54,9.84,21.35
8.3,19.81,21.27
11.51,12.97,11.61
1.46,0.1,11.74
-1.36,10.28,17.78
11.64,19.14,24.39
7.5,12.75,-7.05
5.25,-14.55,-6.78
-19.8,-12.03,10.43
7.77,30.23,39.75
22.46,31.98,22.27
9.52,-0.19,-2.58
-9.71,-12.1,-16.0
-2.39,-6.29,-16.85
-3.9,-14.46,-12.06
-10.56,-8.16,3.12
2.4,13.68,4.45
11.28,2.05,5.88
-9.23,-5.4,-19.28
3.83,-10.05,-13.59
-13.88,-17.42,-3.4
-3.54,10.48,-1.85
14.02,1.69,-1.94
-12.33,-15.96,-10.29
-3.63,2.04,-7.6
5.67,-3.97,-22.91
-9.64,-28.58,-28.39
-18.94,-18.75,-28.11
0.19,-9.17,-32.18
-9.36,-32.37,-35.27
-23.01,-25.91,-18.96
-2.9,4.05,-34.83
6.95,-31.93,-18.39
-38.88,-25.34,-21.09
13.54,17.79,31.54
4.25,18.0,26.67
13.75,22.42,1.88
8.67,-11.87,17.27
-20.54,8.6,34.99
29.14,55.53,99.93
26.39,70.79,93.44
44.4,67.05,58.1
22.65,13.7,12.42
-8.95,-10.23,-30.95
-1.28,-22.0,-32.79
-20.72,-31.51,-41.5
-10.79,-20.78,-56.03
-9.99,-45.24,-40.35
-35.25,-30.36,-13.96
4.89,21.29,53.97
16.4,49.08,36.2
32.68,19.8,5.69
-12.88,-26.99,-29.06
-14.11,-16.18,-0.51
-2.07,13.6,14.57
15.67,16.64,22.84
0.97,7.17,10.13
6.2,9.16,12.74
2.96,6.54,14.13
3.58,11.17,6.35
7.59,2.77,6.86
-4.82,-0.73,8.09
4.09,12.91,-8.57
8.82,-12.66,-33.32
-21.48,-42.14,-29.66
-20.66,-8.18,20.17
12.48,40.83,69.01
28.35,56.53,72.45
28.18,44.1,9.27
15.92,-18.91,71.46
-34.83,55.54,118.56
90.37,153.39,151.0
63.02,60.63,25.26
-2.39,-37.76,-61.67
-35.37,-59.28,-60.72
-23.91,-25.35,-19.99
-1.44,3.92,-1.3
5.36,0.14,-1.49
-5.22,-6.85,2.37
-1.63,7.59,14.66
9.22,16.29,17.39
7.07,8.17,-0.32
1.1,-7.39,-20.65
-8.49,-21.75,-15.61
-13.26,-7.12,3.98
6.14,17.24,7.46
11.1,1.32,-13.7
-9.78,-24.8,-58.23
-15.02,-48.45,-30.93
-33.43,-15.91,-27.94
17.52,5.49,11.91
-12.03,-5.61,9.89
6.42,21.92,22.23
15.5,15.81,6.69
0.31,-8.81,-7.65
-9.12,-7.96,-10.51
1.16,-1.39,16.32
-2.55,15.16,14.51
17.71,17.06,23.75
-0.65,6.04,17.55
6.69,18.2,29.02
11.51,22.33,14.06
10.82,2.55,6.7
-8.27,-4.12,3.56
4.15,11.83,7.97
7.68,3.82,0.83
-3.86,-6.85,-4.61
-2.99,-0.75,4.99
2.24,7.98,13.18
5.74,10.94,-19.67
5.2,-25.41,-21.07
-30.61,-26.27,-20.34
4.34,10.27,25.12
5.93,20.78,17.51
14.85,11.58,27.74
-3.27,12.89,44.43
16.16,47.7,53.8
31.54,37.64,51.02
6.1,19.48,11.18
13.38,5.08,5.68
-8.3,-7.7,-5.53
0.6,2.77,17.5
2.17,16.9,27.71
14.73,25.54,17.04
10.81,2.31,17.87
-8.5,7.06,-0.79
15.56,7.71,10.46
-7.85,-5.1,-8.42
2.75,-0.57,4.79
-3.32,2.04,-2.68
5.36,0.64,-10.41
-4.72,-15.77,-27.09
-11.05,-22.37,-22.57
-11.32,-11.52,20.59
-0.2,31.91,13.07
32.11,13.27,11.15
-18.84,-20.96,-59.65
-2.12,-40.81,-41.5
-38.69,-39.38,-28.49
-0.69,10.2,16.93
10.89,17.62,-12.91
6.73,-23.8,-3.59
-30.53,-10.32,0.37
20.21,30.9,51.26
10.69,31.05,-1.02
20.36,-11.71,-37.21
-32.07,-57.57,-102.33
-25.5,-70.26,-69.92
-44.76,-44.42,-47.15
0.34,-2.39,-5.59
-2.73,-5.93,0.39
-3.2,3.12,8.19
6.32,11.39,0.52
5.07,-5.8,-46.93
-10.87,-52.0,-106.08
-41.13,-95.21,-47.07
-54.08,-5.94,17.61
48.14,71.69,71.66
23.55,23.52,32.23
-0.03,8.68,25.82
8.71,25.85,49.54
17.14,40.83,111.75
23.69,94.61,95.92
70.92,72.23,77.9
1.31,6.98,10.86
5.67,9.55,3.67
3.88,-2.0,-23.14
-5.88,-27.02,-53.33
-21.14,-47.45,-81.42
-26.31,-60.28,-56.34
-33.97,-30.03,-76.18
3.94,-42.21,-25.61
-46.15,-29.55,-67.18
16.6,-21.03,-11.39
-37.63,-27.99,-47.16
9.64,-9.53,-65.13
-19.17,-74.77,-100.99
-55.6,-81.82,-115.19
-26.22,-59.59,-32.46
-33.37,-6.24,8.89
27.13,42.26,8.05
15.13,-19.08,-43.08
-34.21,-58.21,-23.11
-24.0,11.1,-13.19
35.1,10.81,13.61
-24.29,-21.49,-7.72
2.8,16.57,21.23
13.77,18.43,8.16
4.66,-5.61,-2.38
-10.27,-7.04,-35.63
3.23,-25.36,-72.14
-28.59,-75.37,-73.69
-46.78,-45.1,-37.58
1.68,9.2,30.5
7.52,28.82,17.36
21.3,9.84,-21.91
-11.46,-43.21,-13.12
-31.75,-1.66,3.27
30.09,35.02,40.37
4.93,10.28,30.31
5.35,25.38,1.14
20.03,-4.21,-28.07
-24.24,-48.1,-38.92
-23.86,-14.68,-16.76
9.18,7.1,9.35
-2.08,0.17,18.81
2.25,20.89,53.87
18.64,51.62,40.63
32.98,21.99,13.99
-10.99,-18.99,-8.59
-8.0,2.4,8.74
10.4,16.74,7.3
6.34,-3.1,-1.26
-9.44,-7.6,-6.7
1.84,2.74,-13.6
0.9,-15.44,-29.95
-16.34,-30.85,-34.58
-14.51,-18.24,-15.8
-3.73,-1.29,11.09
2.44,14.82,9.3
12.38,6.86,-2.12
-5.52,-14.5,-34.07
-8.98,-28.55,-70.51
-19.57,-61.53,-65.86
-41.96,-46.29,-37.38
-4.33,4.58,8.41
8.91,12.74,3.08
3.83,-5.83,-22.61
-9.66,-26.44,-33.78
-16.78,-24.12,-4.57
-7.34,12.21,25.24
19.55,32.58,25.13
13.03,5.58,-3.75
-7.45,-16.78,-21.84
-9.33,-14.39,-18.51
-5.06,-9.18,-13.31
-4.12,-8.25,-18.87
-4.13,-14.75,-11.83
-10.62,-7.7,-3.84
2.92,6.78,-37.56
3.86,-40.48,-84.91
-44.34,-88.77,-77.8
-44.43,-33.46,-26.92
10.97,17.51,22.94
6.54,11.97,4.43
5.43,-2.11,26.35
-7.54,20.92,61.66
28.46,69.2,87.12
40.74,58.66,61.45
17.92,20.71,11.66
2.79,-6.26,-16.53
-9.05,-19.32,-37.25
-10.27,-28.2,-32.46
-17.93,-22.19,-21.18
-4.26,-3.25,-12.58
1.01,-8.32,12.1
-9.33,11.09,19.75
20.42,29.08,54.31
8.66,33.89,42.9
25.23,34.24,-1.72
9.01,-26.95,-13.51
-35.96,-22.52,-29.64
13.44,6.32,16.08
-7.12,2.64,10.57
9.76,17.69,29.52
7.93,19.76,42.63
11.83,34.7,25.41
22.87,13.58,-16.01
-9.29,-38.88,-10.15
-29.59,-0.86,7.57
28.73,37.16,34.04
8.43,5.31,34.02
-3.12,25.59,13.89
28.71,17.01,35.74
-11.7,7.03,0.74
18.73,12.44,29.25
-6.29,10.52,-2.61
16.81,3.68,-47.46
-13.13,-64.27,-39.99
-51.14,-26.86,-16.68
24.28,34.46,36.39
10.18,12.11,10.43
1.93,0.25,-25.01
-1.68,-26.94,-19.57
-25.26,-17.89,-23.62
7.37,1.64,-5.54
-5.73,-12.91,-7.43
-7.18,-1.7,-24.95
5.48,-17.77,1.14
-23.25,-4.34,-11.28
18.91,11.97,18.5
-6.94,-0.41,-7.88
6.53,-0.94,0.04
-7.47,-6.49,-5.81
0.98,1.66,-6.25
0.68,-7.23,-18.1
-7.91,-18.78,-14.93
-10.87,-7.02,5.16
3.85,16.03,38.25
12.18,34.4,12.13
22.22,-0.05,25.06
-22.27,2.84,-2.28
25.11,19.99,32.98
-5.12,7.87,13.84
12.99,18.96,38.51
5.97,25.52,23.32
19.55,17.35,3.04
-2.2,-16.51,5.73
-14.31,7.93,34.87
22.24,49.18,57.18
26.94,34.94,42.89
8.0,15.95,24.17
7.95,16.17,9.91
8.22,1.96,2.75
-6.26,-5.47,-7.76
0.79,-1.5,-2.79
-2.29,-3.58,0.45
-1.29,2.74,-2.65
4.03,-1.36,3.54
-5.39,-0.49,-6.12
4.9,-0.73,-22.0
-5.63,-26.9,-36.12
-21.27,-30.49,-29.87
-9.22,-8.6,-24.61
0.62,-15.39,-21.06
-16.01,-21.68,-11.79
-5.67,4.22,-17.41
9.89,-11.74,-20.12
-21.63,-30.01,-26.86
-8.38,-5.23,0.01
3.15,8.39,9.99
5.24,6.84,0.85
1.6,-4.39,-22.86
-5.99,-24.46,-24.44
-18.47,-18.45,-23.92
0.02,-5.45,-22.89
-5.47,-22.91,-26.21
-17.44,-20.74,-13.84
-3.3,3.6,-12.88
6.9,-9.58,-8.52
-16.48,-15.42,-28.2
1.06,-11.72,-22.31
-12.78,-23.37,-18.68
-10.59,-5.9,-4.6
4.69,5.99,18.67
1.3,13.98,-4.68
12.68,-5.98,5.35
-18.66,-7.33,-17.13
11.33,1.53,26.99
-9.8,15.66,36.78
25.46,46.58,47.66
21.12,22.2,26.89
1.08,5.77,-24.99
4.69,-26.07,-49.48
-30.76,-54.17,-87.37
-23.41,-56.61,-54.51
-33.2,-31.1,-75.52
2.1,-42.32,-35.64
-44.42,-37.74,-45.78
6.68,-1.36,17.88
-8.04,11.2,2.81
19.24,10.85,-13.47
-8.39,-32.71,-23.39
-24.32,-15.0,-3.04
9.32,21.28,20.49
11.96,11.17,13.38
-0.79,1.42,28.16
2.21,28.95,40.18
26.74,37.97,63.58
11.23,36.84,32.15
25.61,20.92,35.98
-4.69,10.37,17.14
15.06,21.83,42.91
6.77,27.85,38.63
21.08,31.86,39.93
10.78,18.85,31.87
8.07,21.09,25.04
13.02,16.97,14.89
3.95,1.87,-5.32
-2.08,-9.27,-12.47
-7.19,-10.39,-39.22
-3.2,-32.03,-22.71
-28.83,-19.51,-47.12
9.32,-18.29,-30.34
-27.61,-39.66,-57.75
-12.05,-30.14,1.16
-18.09,13.21,-27.61
31.3,-9.52,-8.83
-40.82,-40.13,-40.21
0.69,0.61,6.19
-0.08,5.5,-1.24
5.58,-1.16,0.93
-6.74,-4.65,-4.03
2.09,2.71,-14.02
0.62,-16.11,-0.41
-16.73,-1.03,-12.02
15.7,4.71,-5.77
-10.99,-21.47,-24.89
-10.48,-13.9,-11.37
-3.42,-0.89,-13.75
2.53,-10.33,-11.58
-12.86,-14.11,-26.05
-1.25,-13.19,-25.3
-11.94,-24.05,-21.68
-12.11,-9.74,-9.24
2.37,2.87,-5.96
0.5,-8.33,-1.94
-8.83,-2.44,16.46
6.39,25.29,55.33
18.9,48.94,52.69
30.04,33.79,75.9
3.75,45.86,51.71
42.11,47.96,39.04
5.85,-3.07,-9.86
-8.92,-15.71,-14.32
-6.79,-5.4,-12.48
1.39,-5.69,-5.43
-7.08,-6.82,-11.46
0.26,-4.38,-17.21
-4.64,-17.47,-26.71
-12.83,-22.07,-32.23
-9.24,-19.4,-27.53
-10.16,-18.29,-13.38
-8.13,-3.22,-12.16
4.91,-4.03,-6.17
-8.94,-11.08,-7.52
-2.14,1.42,4.09
3.56,6.23,6.9
2.67,3.34,-9.22
0.67,-11.89,-18.58
-12.56,-19.25,-1.16
-6.69,11.4,9.13
18.09,15.82,32.84
-2.27,14.75,29.28
17.02,31.55,42.52
14.53,25.5,16.34
10.97,1.81,-2.25
-9.16,-13.22,-3.57
-4.06,5.59,9.55
9.65,13.61,12.71
3.96,3.06,2.62
-0.9,-1.34,-2.51
-0.44,-1.61,-8.53
-1.17,-8.09,-5.57
-6.92,-4.4,-9.41
2.52,-2.49,10.38
-5.01,7.86,12.01
12.87,17.02,-0.93
4.15,-13.8,-0.81
-17.95,-4.96,-8.62
12.99,9.33,12.5
-3.66,-0.49,-7.82
3.17,-4.16,-17.41
-7.33,-20.58,-25.9
-13.25,-18.57,-20.54
-5.32,-7.29,-22.68
-1.97,-17.36,-3.95
-15.39,-1.98,-10.54
13.41,4.85,2.52
-8.56,-10.89,-27.81
-2.33,-19.25,-35.44
-16.92,-33.11,-31.55
-16.19,-14.63,-14.1
1.56,2.09,4.76
0.53,3.2,10.14
2.67,9.61,13.22
6.94,10.55,-28.19
3.61,-35.13,-26.54
-38.74,-30.15,-37.31
8.59,1.43,-24.94
-7.16,-33.53,-38.01
-26.37,-30.85,-14.26
-4.48,12.11,17.96
16.59,22.44,16.27
5.85,-0.32,20.41
-6.17,14.56,8.71
20.73,14.88,19.69
-5.85,-1.04,14.96
4.81,20.81,22.16
16.0,17.35,22.07
1.35,6.07,10.22
4.72,8.87,-4.48
4.15,-9.2,-14.2
-13.35,-18.35,-8.55
-5.0,4.8,-5.96
9.8,-0.96,17.06
-10.76,7.26,17.4
18.02,28.16,32.07
10.14,14.05,5.21
3.91,-4.93,-15.27
-8.84,-19.18,-24.33
-10.34,-15.49,-20.4
-5.15,-10.06,-0.49
-4.91,4.66,20.94
9.57,25.85,22.36
16.28,12.79,12.23
-3.49,-4.05,-6.16
-0.56,-2.67,1.53
-2.11,2.09,4.99
4.2,7.1,22.39
2.9,18.19,9.31
15.29,6.41,-1.77
-8.88,-17.06,-25.85
-8.18,-16.97,-19.84
-8.79,-11.66,-13.23
-2.87,-4.44,-24.68
-1.57,-21.81,-11.92
-20.24,-10.35,-15.5
9.89,4.74,4.2
-5.15,-5.69,-5.45
-0.54,-0.3,8.84
0.24,9.38,10.6
9.14,10.36,5.32
1.22,-3.82,1.09
-5.04,-0.13,5.69
4.91,10.73,9.22
5.82,4.31,8.83
-1.51,3.01,5.65
4.52,7.16,5.63
2.64,1.11,17.77
-1.53,15.13,15.07
16.66,16.6,20.05
-0.06,3.39,6.74
3.45,6.8,2.65
3.35,-0.8,6.85
-4.15,3.5,-4.22
7.65,-0.07,0.0
-7.72,-7.65,3.23
0.07,10.95,19.13
10.88,19.06,23.98
8.18,13.1,17.64
4.92,9.46,3.23
4.54,-1.69,-17.62
-6.23,-22.16,-11.05
-15.93,-4.82,-8.69
11.11,7.24,15.11
-3.87,4.0,20.57
7.87,24.44,33.29
16.57,25.42,13.3
8.85,-3.27,-2.52
-12.12,-11.37,-5.43
0.75,6.69,0.08
5.94,-0.67,2.74
-6.61,-3.2,1.07
3.41,7.68,21.18
4.27,17.77,22.1
13.5,17.83,24.86
4.33,11.36,38.66
7.03,34.33,40.53
27.3,33.5,71.98
6.2,44.68,72.28
38.48,66.08,65.73
27.6,27.25,21.59
-0.35,-6.01,-11.53
-5.66,-11.18,-3.51
-5.52,2.15,8.56
7.67,14.08,9.68
6.41,2.01,-7.08
-4.4,-13.49,-21.2
-9.09,-16.8,-18.43
-7.71,-9.34,-12.74
-1.63,-5.03,-12.98
-3.4,-11.35,-13.39
-7.95,-9.99,-2.19
-2.04,5.76,19.28
7.8,21.32,18.7
13.52,10.9,11.26
-2.62,-2.26,-5.88
0.36,-3.26,-2.16
-3.62,-2.52,-2.4
1.1,1.22,-4.11
0.12,-5.21,-0.88
-5.33,-1.0,1.49
4.33,6.82,-11.34
2.49,-15.67,-28.54
-18.16,-31.03,-31.08
-12.87,-12.92,-25.24
-0.05,-12.37,-11.05
-12.32,-11.0,-1.87
1.32,10.45,21.11
9.13,19.79,-16.87
10.66,-26.0,-0.77
-36.66,-11.43,11.77
25.23,48.43,58.78
23.2,33.55,44.77
10.35,21.57,22.65
11.22,12.3,7.46
1.08,-3.76,-4.84
-4.84,-5.92,-17.31
-1.08,-12.47,-0.09
-11.39,0.99,3.12
12.38,14.51,26.78
2.13,14.4,20.65
12.27,18.52,24.92
6.25,12.65,-1.89
6.4,-8.14,-8.82
-14.54,-15.22,-34.86
-0.68,-20.32,-14.82
-19.64,-14.14,-15.1
5.5,4.54,6.45
-0.96,0.95,22.99
1.91,23.95,23.57
22.04,21.66,23.67
-0.38,1.63,14.46
2.01,14.84,22.72
12.83,20.71,9.34
7.88,-3.49,11.38
-11.37,3.5,25.66
14.87,37.03,54.6
22.16,39.73,50.93
17.57,28.77,52.81
11.2,35.24,15.56
24.04,4.36,2.89
-19.68,-21.15,0.63
-1.47,20.31,9.78
21.78,11.25,28.44
-10.53,6.66,-17.84
17.19,-7.31,-17.84
-24.5,-35.03,-46.98
-10.53,-22.48,-40.62
-11.95,-30.09,-59.15
-18.14,-47.2,-36.13
-29.06,-17.99,-5.91
11.07,23.15,26.87
12.08,15.8,11.21
3.72,-0.87,5.72
-4.59,2.0,18.68
6.59,23.27,37.67
16.68,31.08,7.38
14.4,-9.3,12.13
-23.7,-2.27,4.55
21.43,28.25,22.59
6.82,1.16,1.9
-5.66,-4.92,-1.41
0.74,4.25,7.22
3.51,6.48,9.74
2.97,6.23,18.61
3.26,15.64,19.23
12.38,15.97,27.1
3.59,14.72,26.42
11.13,22.83,35.33
11.7,24.2,23.3
12.5,11.6,-19.9
-0.9,-32.4,-35.29
-31.5,-34.39,-33.02
-2.89,-1.52,4.42
1.37,7.31,2.21
5.94,0.84,-13.37
-5.1,-19.31,-9.91
-14.21,-4.81,-8.66
9.4,5.55,9.65
-3.85,0.25,2.68
4.1,6.53,10.59
2.43,6.49,7.95
4.06,5.52,-18.35
1.46,-22.41,-29.79
-23.87,-31.25,-25.87
-7.38,-2.0,-10.03
5.38,-2.65,-2.15
-8.03,-7.53,3.46
0.5,11.49,2.47
10.99,1.97,-2.58
-9.02,-13.57,-24.24
-4.55,-15.22,6.24
-10.67,10.79,-8.07
21.46,2.6,3.56
-18.86,-17.9,-10.16
0.96,8.7,12.96
7.74,12.0,14.71
4.26,6.97,4.79
2.71,0.53,3.86
-2.18,1.15,-0.04
3.33,2.14,1.62
-1.19,-1.71,-11.61
-0.52,-10.42,-17.65
-9.9,-17.13,-6.71
-7.23,3.19,0.91
10.42,8.14,8.85
-2.28,-1.57,-2.6
0.71,-0.32,-7.82
-1.03,-8.53,-10.29
-7.5,-9.26,-6.05
-1.76,1.45,0.42
3.21,2.18,-3.89
-1.03,-7.1,-13.29
-6.07,-12.26,-13.0
-6.19,-6.93,-14.96
-0.74,-8.77,-13.71
-8.03,-12.97,-18.35
-4.94,-10.32,0.07
-5.38,5.01,1.08
10.39,6.46,-18.44
-3.93,-28.83,-51.14
-24.9,-47.21,-44.98
-22.31,-20.08,-17.63
2.23,4.68,15.89
2.45,13.66,33.49
11.21,31.04,44.63
19.83,33.42,40.23
13.59,20.4,29.72
6.81,16.13,17.14
9.32,10.33,-5.33
1.01,-14.65,-12.67
-15.66,-13.68,-26.05
1.98,-10.39,-14.34
-12.37,-16.32,-3.4
-3.95,8.97,6.23
12.92,10.18,12.03
-2.74,-0.89,-8.61
1.85,-5.87,21.09
-7.72,19.24,12.09
26.96,19.81,12.5
-7.15,-14.46,-26.12
-7.31,-18.97,-13.48
-11.66,-6.17,-19.35
5.49,-7.69,-14.49
-13.18,-19.98,-27.99
-6.8,-14.81,-18.55
-8.01,-11.75,-1.39
-3.74,6.62,-1.98
10.36,1.76,8.06
-8.6,-2.3,-6.93
6.3,1.67,-4.44
-4.63,-10.74,2.6
-6.11,7.23,7.49
13.34,13.6,14.93
0.26,1.59,14.32
1.33,14.06,0.35
12.73,-0.98,9.47
-13.71,-3.26,-14.09
10.45,-0.38,-13.6
-10.83,-24.05,-24.5
-13.22,-13.67,-19.45
-0.45,-6.23,-4.32
-5.78,-3.87,-3.28
1.91,2.5,7.99
0.59,6.08,-3.26
5.49,-3.85,-2.45
-9.34,-7.94,0.78
1.4,10.12,26.47
8.72,25.07,27.46
16.35,18.74,27.13
2.39,10.78,19.81
8.39,17.42,33.2
9.03,24.81,19.08
15.78,10.05,-2.03
-5.73,-17.81,-40.52
-12.08,-34.79,-18.74
-22.71,-6.66,-9.77
16.05,12.94,17.93
-3.11,1.88,1.8
4.99,4.91,21.92
-0.08,16.93,18.98
17.01,19.06,13.4
2.05,-3.61,3.24
-5.66,1.19,5.91
6.85,11.57,6.24
4.72,-0.61,-24.32
-5.33,-29.04,-18.99
-23.71,-13.66,-21.25
10.05,2.46,12.35
-7.59,2.3,0.73
9.89,8.32,24.58
-1.57,14.69,22.35
16.26,23.92,40.13
7.66,23.87,25.85
16.21,18.19,21.92
1.98,5.71,12.29
3.73,10.31,2.98
6.58,-0.75,5.54
-7.33,-1.04,-0.95
6.29,6.38,0.93
0.09,-5.36,1.13
-5.45,1.04,-6.04
6.49,-0.59,-8.38
-7.08,-14.87,-4.05
-7.79,3.03,-14.5
10.82,-6.71,-4.3
-17.53,-15.12,-10.58
2.41,6.95,6.37
4.54,3.96,5.64
-0.58,1.1,-3.92
1.68,-3.34,-12.82
-5.02,-14.5,-17.43
-9.48,-12.41,-19.67
-2.93,-10.19,2.7
-7.26,5.63,0.55
12.89,7.81,28.83
-5.08,15.94,10.47
21.02,15.55,18.38
-5.47,-2.64,-7.3
2.83,-1.83,-4.18
-4.66,-7.01,
-2.35,,
,,
